<?xml version="1.0" encoding="UTF-8"?>
<project-private xmlns="http://www.netbeans.org/ns/project-private/1">
    <editor-bookmarks xmlns="http://www.netbeans.org/ns/editor-bookmarks/2" lastBookmarkId="0"/>
    <open-files xmlns="http://www.netbeans.org/ns/projectui-open-files/2">
        <group>
            <file>file:/D:/Coding/Java%20Project/Final%20Neural%20Network/src/pkgfinal/neural/network/Segmentation.java</file>
            <file>file:/D:/Coding/Java%20Project/Final%20Neural%20Network/src/pkgfinal/neural/network/FinalNeuralNetwork.java</file>
            <file>file:/D:/Coding/Java%20Project/Final%20Neural%20Network/src/pkgfinal/neural/network/AI_Test.java</file>
            <file>file:/D:/Coding/Java%20Project/Final%20Neural%20Network/src/pkgfinal/neural/network/NeuralNetwork.java</file>
            <file>file:/D:/Coding/Java%20Project/Final%20Neural%20Network/src/pkgfinal/neural/network/FXMLDocumentController.java</file>
        </group>
    </open-files>
</project-private>
